{"global_step": 175168, "_timestamp": 1715436798.8316312, "_runtime": 145.09833216667175, "_step": 447, "charts/episodic_return": -2089.978759765625, "charts/episodic_length": 67.0, "charts/learning_rate": 0.0003000000142492354, "losses/value_loss": 0.5571407079696655, "losses/policy_loss": -0.0016941430512815714, "losses/entropy": 11.317941665649414, "losses/old_approx_kl": 0.006490858271718025, "losses/approx_kl": 0.005661653354763985, "losses/clipfrac": 0.03951416164636612, "losses/explained_variance": -0.0744243860244751, "charts/SPS": 1237.0, "_wandb": {"runtime": 143}}