{"global_step": 196416, "_timestamp": 1715437013.4289696, "_runtime": 165.42570757865906, "_step": 510, "charts/episodic_return": 629.39306640625, "charts/episodic_length": 500.0, "charts/learning_rate": 0.0003000000142492354, "losses/value_loss": 0.5767513513565063, "losses/policy_loss": -0.0037476844154298306, "losses/entropy": 11.324740409851074, "losses/old_approx_kl": 0.0047134822234511375, "losses/approx_kl": 0.006172339431941509, "losses/clipfrac": 0.04270477220416069, "losses/explained_variance": -0.07563698291778564, "charts/SPS": 1218.0}